{
  "threshold": 0.65,
  "accuracy": 0.8581081081081081,
  "precision": 0.863013698630137,
  "recall": 0.8513513513513513,
  "f1": 0.8571428571428571,
  "roc_auc": 0.9393718042366691,
  "eer": 0.14864864864864868,
  "eer_threshold": 0.6486362814903259,
  "far_at_threshold": 0.13513513513513514,
  "frr_at_threshold": 0.14864864864864866,
  "confusion_matrix": {
    "tn": 64,
    "fp": 10,
    "fn": 11,
    "tp": 63
  },
  "n_samples": 148,
  "n_live": 74,
  "n_spoof": 74
}